
[
    {
        "id": 0,
        "name": "Rerum beatae delectus omnis.",
        "description": "Et culpa et iusto eveniet perspiciatis voluptate quidem praesentium qui enim sed.",
        "image": "assets\/img\/ecommerce\/s6_edge_3.jpg",
        "price": "527.00",
        "sku": 126007,
        "quantity": 16,
        "status": "in_stock",
        "active": false
    },
    {
        "id": 1,
        "name": "Possimus possimus blanditiis.",
        "description": "Eum nesciunt et facere fugiat rem ut necessitatibus cupiditate mollitia quis.",
        "image": "assets\/img\/ecommerce\/s6_edge_1.jpg",
        "price": "511.00",
        "sku": 105801,
        "quantity": 92,
        "status": "out_of_stock",
        "active": false
    },
    {
        "id": 2,
        "name": "Optio eos molestiae.",
        "description": "Sed id quo inventore ullam ipsum et quasi consequatur.",
        "image": "assets\/img\/ecommerce\/s6_edge_3.jpg",
        "price": "589.00",
        "sku": 143082,
        "quantity": 67,
        "status": "in_stock",
        "active": true
    },
    {
        "id": 3,
        "name": "Quo vero illum.",
        "description": "Sed consectetur quis porro odit eum ut cum laborum amet saepe rerum.",
        "image": "assets\/img\/ecommerce\/s6_edge_3.jpg",
        "price": "494.00",
        "sku": 164475,
        "quantity": 36,
        "status": "in_stock",
        "active": true
    },
    {
        "id": 4,
        "name": "Aut deserunt nihil quibusdam.",
        "description": "Maxime consequuntur quisquam voluptate est ducimus unde.",
        "image": "assets\/img\/ecommerce\/s6_edge_2.jpg",
        "price": "463.00",
        "sku": 152225,
        "quantity": 60,
        "status": "out_of_stock",
        "active": false
    },
    {
        "id": 5,
        "name": "Voluptatem sit est error.",
        "description": "Voluptatem modi fugiat enim aperiam corrupti quia neque enim non iusto.",
        "image": "assets\/img\/ecommerce\/s6_edge_2.jpg",
        "price": "576.00",
        "sku": 190677,
        "quantity": 46,
        "status": "out_of_stock",
        "active": false
    },
    {
        "id": 6,
        "name": "Et itaque.",
        "description": "Repellendus et aut et ipsum laborum iure sequi sunt autem.",
        "image": "assets\/img\/ecommerce\/s6_edge_1.jpg",
        "price": "547.00",
        "sku": 115847,
        "quantity": 29,
        "status": "ships_3_5_days",
        "active": false
    },
    {
        "id": 7,
        "name": "Qui eos autem ipsam quos.",
        "description": "Distinctio nihil repellendus dignissimos pariatur voluptas dolores veniam quo nam unde aut consectetur recusandae.",
        "image": "assets\/img\/ecommerce\/s6_edge_1.jpg",
        "price": "560.00",
        "sku": 196991,
        "quantity": 71,
        "status": "ships_3_5_days",
        "active": true
    },
    {
        "id": 8,
        "name": "Minima vel est.",
        "description": "Temporibus molestiae eos itaque pariatur quia placeat eos natus vel tenetur qui.",
        "image": "assets\/img\/ecommerce\/s6_edge_2.jpg",
        "price": "558.00",
        "sku": 182807,
        "quantity": 33,
        "status": "in_stock",
        "active": false
    },
    {
        "id": 9,
        "name": "Qui repellat ratione.",
        "description": "Non quam laboriosam rem velit tenetur labore saepe esse ex incidunt inventore.",
        "image": "assets\/img\/ecommerce\/s6_edge_2.jpg",
        "price": "583.00",
        "sku": 161673,
        "quantity": 92,
        "status": "out_of_stock",
        "active": false
    },
    {
        "id": 10,
        "name": "Dolore qui adipisci exercitationem rerum.",
        "description": "Quas necessitatibus laboriosam et aperiam in ut nobis.",
        "image": "assets\/img\/ecommerce\/s6_edge_2.jpg",
        "price": "511.00",
        "sku": 183719,
        "quantity": 15,
        "status": "in_stock",
        "active": true
    },
    {
        "id": 11,
        "name": "Dolore nam pariatur ullam.",
        "description": "Quia sed a doloribus ex quia quaerat odio.",
        "image": "assets\/img\/ecommerce\/s6_edge_2.jpg",
        "price": "551.00",
        "sku": 155014,
        "quantity": 13,
        "status": "ships_3_5_days",
        "active": false
    },
    {
        "id": 12,
        "name": "Repudiandae assumenda expedita ut.",
        "description": "Perspiciatis dicta vero fugit molestiae sit qui et vel nostrum dolor illo sit cupiditate.",
        "image": "assets\/img\/ecommerce\/s6_edge_3.jpg",
        "price": "524.00",
        "sku": 104589,
        "quantity": 66,
        "status": "in_stock",
        "active": false
    },
    {
        "id": 13,
        "name": "Perspiciatis laborum.",
        "description": "Corrupti amet minima voluptas voluptatum totam omnis debitis vel quaerat est magnam.",
        "image": "assets\/img\/ecommerce\/s6_edge_2.jpg",
        "price": "480.00",
        "sku": 125277,
        "quantity": 75,
        "status": "ships_3_5_days",
        "active": true
    },
    {
        "id": 14,
        "name": "Et esse non.",
        "description": "Velit quis qui magnam minus aliquam quaerat omnis et officia explicabo fugit.",
        "image": "assets\/img\/ecommerce\/s6_edge_1.jpg",
        "price": "509.00",
        "sku": 149863,
        "quantity": 52,
        "status": "in_stock",
        "active": true
    },
    {
        "id": 15,
        "name": "Cupiditate dolorem rerum.",
        "description": "Necessitatibus vitae est at nobis aut provident fuga.",
        "image": "assets\/img\/ecommerce\/s6_edge_1.jpg",
        "price": "551.00",
        "sku": 179508,
        "quantity": 61,
        "status": "in_stock",
        "active": true
    },
    {
        "id": 16,
        "name": "Consequatur quo aut eveniet.",
        "description": "Sint voluptatem neque omnis dolor soluta sed nemo qui est ea consequatur repellendus nostrum.",
        "image": "assets\/img\/ecommerce\/s6_edge_2.jpg",
        "price": "460.00",
        "sku": 109494,
        "quantity": 80,
        "status": "ships_3_5_days",
        "active": false
    },
    {
        "id": 17,
        "name": "Quaerat iure voluptas.",
        "description": "Aliquam ut corporis numquam est qui tenetur repellat delectus ad aperiam voluptatum sit.",
        "image": "assets\/img\/ecommerce\/s6_edge_2.jpg",
        "price": "580.00",
        "sku": 115954,
        "quantity": 84,
        "status": "in_stock",
        "active": false
    },
    {
        "id": 18,
        "name": "Minima porro sint voluptatem.",
        "description": "Laborum quo in cumque quos aspernatur consequatur explicabo atque sed beatae possimus.",
        "image": "assets\/img\/ecommerce\/s6_edge_1.jpg",
        "price": "462.00",
        "sku": 160227,
        "quantity": 19,
        "status": "in_stock",
        "active": false
    },
    {
        "id": 19,
        "name": "Consequatur laboriosam quos eos.",
        "description": "Necessitatibus et error magnam ullam animi neque maiores quis magni.",
        "image": "assets\/img\/ecommerce\/s6_edge_2.jpg",
        "price": "582.00",
        "sku": 169867,
        "quantity": 40,
        "status": "in_stock",
        "active": false
    },
    {
        "id": 20,
        "name": "Autem placeat ullam quibusdam.",
        "description": "Doloribus voluptas distinctio aliquam aut ducimus expedita.",
        "image": "assets\/img\/ecommerce\/s6_edge_1.jpg",
        "price": "499.00",
        "sku": 159476,
        "quantity": 49,
        "status": "in_stock",
        "active": true
    },
    {
        "id": 21,
        "name": "Delectus vel delectus.",
        "description": "Repellat minima voluptate aut molestiae harum alias iure recusandae non rerum.",
        "image": "assets\/img\/ecommerce\/s6_edge_1.jpg",
        "price": "561.00",
        "sku": 174716,
        "quantity": 96,
        "status": "out_of_stock",
        "active": true
    },
    {
        "id": 22,
        "name": "Autem hic sequi maiores.",
        "description": "Accusamus temporibus et nostrum maxime iusto quo.",
        "image": "assets\/img\/ecommerce\/s6_edge_1.jpg",
        "price": "475.00",
        "sku": 120440,
        "quantity": 100,
        "status": "out_of_stock",
        "active": false
    },
    {
        "id": 23,
        "name": "Molestiae at minima.",
        "description": "Quisquam id temporibus aspernatur perferendis enim voluptate vel.",
        "image": "assets\/img\/ecommerce\/s6_edge_3.jpg",
        "price": "567.00",
        "sku": 153522,
        "quantity": 21,
        "status": "in_stock",
        "active": false
    },
    {
        "id": 24,
        "name": "Sunt quaerat placeat.",
        "description": "Nam aliquid et possimus accusantium blanditiis ut quibusdam aliquam id laboriosam nulla deleniti iste.",
        "image": "assets\/img\/ecommerce\/s6_edge_3.jpg",
        "price": "532.00",
        "sku": 174625,
        "quantity": 76,
        "status": "ships_3_5_days",
        "active": false
    },
    {
        "id": 25,
        "name": "Eius error molestiae autem.",
        "description": "Fugit earum recusandae ullam debitis et incidunt aut aperiam recusandae et sapiente.",
        "image": "assets\/img\/ecommerce\/s6_edge_3.jpg",
        "price": "564.00",
        "sku": 164215,
        "quantity": 99,
        "status": "out_of_stock",
        "active": true
    },
    {
        "id": 26,
        "name": "Ut est est.",
        "description": "Officia necessitatibus quae molestiae harum iusto eos eligendi reiciendis necessitatibus et omnis.",
        "image": "assets\/img\/ecommerce\/s6_edge_3.jpg",
        "price": "534.00",
        "sku": 140591,
        "quantity": 66,
        "status": "in_stock",
        "active": false
    },
    {
        "id": 27,
        "name": "Aliquam doloremque esse.",
        "description": "Non ab cum molestiae repellat error enim sit.",
        "image": "assets\/img\/ecommerce\/s6_edge_3.jpg",
        "price": "501.00",
        "sku": 167005,
        "quantity": 52,
        "status": "in_stock",
        "active": true
    },
    {
        "id": 28,
        "name": "Et iusto quidem sint.",
        "description": "Earum suscipit ipsum doloremque error earum sunt fuga quam.",
        "image": "assets\/img\/ecommerce\/s6_edge_1.jpg",
        "price": "479.00",
        "sku": 128265,
        "quantity": 13,
        "status": "out_of_stock",
        "active": false
    },
    {
        "id": 29,
        "name": "Dicta excepturi aut et perspiciatis.",
        "description": "Modi cumque libero cum officiis optio est ratione accusamus.",
        "image": "assets\/img\/ecommerce\/s6_edge_2.jpg",
        "price": "516.00",
        "sku": 108612,
        "quantity": 74,
        "status": "ships_3_5_days",
        "active": true
    },
    {
        "id": 30,
        "name": "Voluptatem ut id et.",
        "description": "Amet temporibus qui et dolor eius et vel neque voluptatum.",
        "image": "assets\/img\/ecommerce\/s6_edge_1.jpg",
        "price": "470.00",
        "sku": 191303,
        "quantity": 67,
        "status": "in_stock",
        "active": false
    },
    {
        "id": 31,
        "name": "Dolores debitis molestiae.",
        "description": "Nihil quia dignissimos reiciendis nemo nulla eaque beatae tempora omnis.",
        "image": "assets\/img\/ecommerce\/s6_edge_2.jpg",
        "price": "486.00",
        "sku": 129153,
        "quantity": 14,
        "status": "ships_3_5_days",
        "active": false
    },
    {
        "id": 32,
        "name": "Voluptas quia officiis.",
        "description": "Et atque vel illum vitae placeat corrupti voluptas.",
        "image": "assets\/img\/ecommerce\/s6_edge_2.jpg",
        "price": "588.00",
        "sku": 163715,
        "quantity": 27,
        "status": "ships_3_5_days",
        "active": true
    }
]