
[
    {
        "id": 1,
        "name": "The IT Sales Global Community",
        "members": 50
    },
    {
        "id": 2,
        "name": "Healthcare Executives Network",
        "members": 184
    },
    {
        "id": 3,
        "name": "Luxury & Lifestyle Professionals",
        "members": 60
    },
    {
        "id": 4,
        "name": "Information Security Community",
        "members": 139
    },
    {
        "id": 5,
        "name": "eMarketing Association Network",
        "members": 31
    },
    {
        "id": 6,
        "name": "Finance Club",
        "members": 120
    },
    {
        "id": 7,
        "name": "Banking Careers",
        "members": 96
    },
    {
        "id": 8,
        "name": "Java Developers",
        "members": 184
    },
    {
        "id": 9,
        "name": "Information Technology: Software, Hardware, Computer, Developer, Cloud & Engineering",
        "members": 137
    }
]