
[
    {
        "item_id": 1,
        "assignee": "Darien Hodkiewicz",
        "short_name": "ALTR",
        "title": "Vel sunt eum inventore.",
        "description": "Id soluta illum modi unde aut sunt iste quos laudantium sit.",
        "priority": "major",
        "status": "closed",
        "date_created": "24\/Jun\/2016",
        "date_updated": "2\/Jun\/2016"
    },
    {
        "item_id": 2,
        "assignee": "Hilma Boyer",
        "short_name": "ALTR",
        "title": "Necessitatibus voluptatem et eos.",
        "description": "Nesciunt nostrum fuga aut eligendi alias nulla ut fuga.",
        "priority": "blocker",
        "status": "open",
        "date_created": "28\/Jun\/2016",
        "date_updated": "5\/Jun\/2016"
    },
    {
        "item_id": 3,
        "assignee": "Esmeralda O'Connell",
        "short_name": "ALTR",
        "title": "Nemo reprehenderit doloremque et.",
        "description": "Et vero nesciunt temporibus doloribus rerum.",
        "priority": "minor",
        "status": "reopened",
        "date_created": "11\/Jun\/2016",
        "date_updated": "10\/Jun\/2016"
    },
    {
        "item_id": 4,
        "assignee": "Rosamond Bartell",
        "short_name": "ALTR",
        "title": "Sequi quo et nisi.",
        "description": "Odit quia soluta est earum ea consectetur.",
        "priority": "major",
        "status": "open",
        "date_created": "7\/Jun\/2016",
        "date_updated": "4\/Jun\/2016"
    },
    {
        "item_id": 5,
        "assignee": "Ines Jakubowski",
        "short_name": "ALTR",
        "title": "A enim pariatur nesciunt adipisci.",
        "description": "Aliquid quis porro dolore autem beatae illo.",
        "priority": "major",
        "status": "closed",
        "date_created": "5\/Jun\/2016",
        "date_updated": "22\/Jun\/2016"
    },
    {
        "item_id": 6,
        "assignee": "Reyes Monahan",
        "short_name": "ALTR",
        "title": "Iusto sunt ipsam corporis sit ut.",
        "description": "Nihil hic eum dicta consequatur veniam cum quia corrupti.",
        "priority": "major",
        "status": "closed",
        "date_created": "28\/Jun\/2016",
        "date_updated": "2\/Jun\/2016"
    },
    {
        "item_id": 7,
        "assignee": "Hazle Kirlin",
        "short_name": "ALTR",
        "title": "Ex et enim.",
        "description": "Impedit quo harum et debitis amet adipisci vel ipsa.",
        "priority": "blocker",
        "status": "reopened",
        "date_created": "26\/Jun\/2016",
        "date_updated": "12\/Jun\/2016"
    },
    {
        "item_id": 8,
        "assignee": "Thora Herzog",
        "short_name": "ALTR",
        "title": "Assumenda accusamus cumque autem iusto sapiente.",
        "description": "Cumque laudantium nulla ipsam est vero error.",
        "priority": "major",
        "status": "open",
        "date_created": "15\/Jun\/2016",
        "date_updated": "26\/Jun\/2016"
    },
    {
        "item_id": 9,
        "assignee": "Vernon Daugherty",
        "short_name": "ALTR",
        "title": "Et repellendus laboriosam repellendus.",
        "description": "Aperiam ut quod nihil quasi dolorum nulla facere.",
        "priority": "critical",
        "status": "reopened",
        "date_created": "6\/Jun\/2016",
        "date_updated": "20\/Jun\/2016"
    },
    {
        "item_id": 10,
        "assignee": "Alexys Klocko",
        "short_name": "ALTR",
        "title": "Dolorum incidunt rerum qui nemo sit.",
        "description": "Laborum omnis reiciendis praesentium ullam totam eum.",
        "priority": "major",
        "status": "closed",
        "date_created": "4\/Jun\/2016",
        "date_updated": "15\/Jun\/2016"
    },
    {
        "item_id": 11,
        "assignee": "Rod Sauer",
        "short_name": "ALTR",
        "title": "Occaecati et ea et qui.",
        "description": "Distinctio quisquam pariatur occaecati quis sint explicabo qui.",
        "priority": "blocker",
        "status": "open",
        "date_created": "10\/Jun\/2016",
        "date_updated": "30\/Jun\/2016"
    },
    {
        "item_id": 12,
        "assignee": "Cathrine Hansen",
        "short_name": "ALTR",
        "title": "Laborum inventore autem quibusdam.",
        "description": "Quis deserunt et aut quae consequatur praesentium dolores eligendi qui.",
        "priority": "critical",
        "status": "closed",
        "date_created": "15\/Jun\/2016",
        "date_updated": "26\/Jun\/2016"
    },
    {
        "item_id": 13,
        "assignee": "Kian Goodwin",
        "short_name": "ALTR",
        "title": "Et est ea quia est ipsum.",
        "description": "Non cumque amet dicta magnam.",
        "priority": "critical",
        "status": "closed",
        "date_created": "2\/Jun\/2016",
        "date_updated": "29\/Jun\/2016"
    },
    {
        "item_id": 14,
        "assignee": "Marcel Murphy",
        "short_name": "ALTR",
        "title": "Vero sed quo.",
        "description": "Aut autem voluptatibus in ducimus aut eum qui.",
        "priority": "minor",
        "status": "reopened",
        "date_created": "17\/Jun\/2016",
        "date_updated": "14\/Jun\/2016"
    },
    {
        "item_id": 15,
        "assignee": "Dolly Turcotte",
        "short_name": "ALTR",
        "title": "Eum voluptatem ut beatae perferendis.",
        "description": "Excepturi qui nobis ducimus doloremque est illo occaecati.",
        "priority": "minor",
        "status": "closed",
        "date_created": "16\/Jun\/2016",
        "date_updated": "13\/Jun\/2016"
    },
    {
        "item_id": 16,
        "assignee": "Marcellus Romaguera",
        "short_name": "ALTR",
        "title": "Molestias harum nisi architecto.",
        "description": "Sed corrupti nam in ipsam veritatis voluptatem suscipit unde delectus voluptatem deleniti.",
        "priority": "minor",
        "status": "open",
        "date_created": "20\/Jun\/2016",
        "date_updated": "15\/Jun\/2016"
    },
    {
        "item_id": 17,
        "assignee": "Guiseppe Schaefer",
        "short_name": "ALTR",
        "title": "Reprehenderit non dignissimos ut consequatur.",
        "description": "Maxime odio aliquid omnis eaque nihil in eaque cupiditate laborum.",
        "priority": "major",
        "status": "open",
        "date_created": "14\/Jun\/2016",
        "date_updated": "30\/Jun\/2016"
    },
    {
        "item_id": 18,
        "assignee": "Vernon Fadel",
        "short_name": "ALTR",
        "title": "Quo aut asperiores eius.",
        "description": "Atque voluptas dolorem occaecati qui ducimus culpa earum voluptas.",
        "priority": "blocker",
        "status": "reopened",
        "date_created": "6\/Jun\/2016",
        "date_updated": "9\/Jun\/2016"
    },
    {
        "item_id": 19,
        "assignee": "Ethyl Mertz",
        "short_name": "ALTR",
        "title": "Adipisci sunt qui et.",
        "description": "Aut qui repudiandae ut cupiditate iure est tempore distinctio est.",
        "priority": "minor",
        "status": "reopened",
        "date_created": "20\/Jun\/2016",
        "date_updated": "14\/Jun\/2016"
    },
    {
        "item_id": 20,
        "assignee": "Clara Gerlach",
        "short_name": "ALTR",
        "title": "Qui deleniti nesciunt occaecati labore.",
        "description": "Occaecati qui eum voluptatem id expedita sed.",
        "priority": "minor",
        "status": "closed",
        "date_created": "18\/Jun\/2016",
        "date_updated": "4\/Jun\/2016"
    },
    {
        "item_id": 21,
        "assignee": "Harmon Strosin",
        "short_name": "ALTR",
        "title": "Assumenda sit nostrum non qui.",
        "description": "Cupiditate sint vero eaque tempora quae quisquam animi quia.",
        "priority": "minor",
        "status": "open",
        "date_created": "29\/Jun\/2016",
        "date_updated": "15\/Jun\/2016"
    },
    {
        "item_id": 22,
        "assignee": "Woodrow Lesch",
        "short_name": "ALTR",
        "title": "Et id distinctio omnis vero qui.",
        "description": "Alias voluptatum eos iste consequatur qui eos magni excepturi voluptate.",
        "priority": "blocker",
        "status": "closed",
        "date_created": "14\/Jun\/2016",
        "date_updated": "11\/Jun\/2016"
    },
    {
        "item_id": 23,
        "assignee": "Arturo Brakus",
        "short_name": "ALTR",
        "title": "Iure consequatur aut.",
        "description": "Nemo eius qui eos et quis eum.",
        "priority": "blocker",
        "status": "closed",
        "date_created": "10\/Jun\/2016",
        "date_updated": "2\/Jun\/2016"
    },
    {
        "item_id": 24,
        "assignee": "Alec Labadie",
        "short_name": "ALTR",
        "title": "Amet fugit est eos.",
        "description": "Maxime suscipit qui aut ea enim veritatis commodi accusantium illum id.",
        "priority": "minor",
        "status": "reopened",
        "date_created": "23\/Jun\/2016",
        "date_updated": "17\/Jun\/2016"
    },
    {
        "item_id": 25,
        "assignee": "Suzanne Legros",
        "short_name": "ALTR",
        "title": "Qui rerum natus totam minus aperiam.",
        "description": "Harum facilis enim in repellat et et quo sed ut omnis.",
        "priority": "critical",
        "status": "closed",
        "date_created": "17\/Jun\/2016",
        "date_updated": "2\/Jun\/2016"
    },
    {
        "item_id": 26,
        "assignee": "Brennan Gerlach",
        "short_name": "ALTR",
        "title": "Deserunt aliquam nam sapiente.",
        "description": "Asperiores hic aut omnis expedita.",
        "priority": "critical",
        "status": "reopened",
        "date_created": "17\/Jun\/2016",
        "date_updated": "24\/Jun\/2016"
    },
    {
        "item_id": 27,
        "assignee": "Gerardo Bahringer",
        "short_name": "ALTR",
        "title": "Totam cum et.",
        "description": "Ea enim a adipisci quo aut veniam iusto dicta corporis dolore.",
        "priority": "blocker",
        "status": "open",
        "date_created": "2\/Jun\/2016",
        "date_updated": "26\/Jun\/2016"
    },
    {
        "item_id": 28,
        "assignee": "Kiera Effertz",
        "short_name": "ALTR",
        "title": "Error iure cumque eum id.",
        "description": "At quaerat voluptatum magnam eveniet earum.",
        "priority": "major",
        "status": "reopened",
        "date_created": "19\/Jun\/2016",
        "date_updated": "2\/Jun\/2016"
    },
    {
        "item_id": 29,
        "assignee": "Jude Ferry",
        "short_name": "ALTR",
        "title": "Sit officia cum nihil ut et.",
        "description": "Non quidem ex aut ut maiores enim tempore maiores cum.",
        "priority": "minor",
        "status": "closed",
        "date_created": "5\/Jun\/2016",
        "date_updated": "17\/Jun\/2016"
    },
    {
        "item_id": 30,
        "assignee": "Mae Bailey",
        "short_name": "ALTR",
        "title": "Aut et quia porro.",
        "description": "Hic ipsam qui aut rem non quia nemo repellat possimus sint.",
        "priority": "critical",
        "status": "open",
        "date_created": "12\/Jun\/2016",
        "date_updated": "7\/Jun\/2016"
    },
    {
        "item_id": 31,
        "assignee": "Toby Legros",
        "short_name": "ALTR",
        "title": "Rerum omnis explicabo delectus doloremque.",
        "description": "Est nemo ullam omnis officia nihil.",
        "priority": "minor",
        "status": "closed",
        "date_created": "4\/Jun\/2016",
        "date_updated": "8\/Jun\/2016"
    },
    {
        "item_id": 32,
        "assignee": "Beth Satterfield",
        "short_name": "ALTR",
        "title": "Explicabo commodi minus itaque saepe saepe.",
        "description": "Qui saepe nisi eaque officiis iure enim.",
        "priority": "minor",
        "status": "open",
        "date_created": "25\/Jun\/2016",
        "date_updated": "14\/Jun\/2016"
    },
    {
        "item_id": 33,
        "assignee": "Ayden Koss",
        "short_name": "ALTR",
        "title": "Eos quo error assumenda dolores aut.",
        "description": "Amet qui laborum fugiat qui aut repellat aut et voluptas.",
        "priority": "critical",
        "status": "reopened",
        "date_created": "23\/Jun\/2016",
        "date_updated": "6\/Jun\/2016"
    },
    {
        "item_id": 34,
        "assignee": "Watson Davis",
        "short_name": "ALTR",
        "title": "In eum architecto in aut vel.",
        "description": "Repudiandae aperiam est sapiente magni omnis id nobis.",
        "priority": "minor",
        "status": "reopened",
        "date_created": "1\/Jun\/2016",
        "date_updated": "22\/Jun\/2016"
    },
    {
        "item_id": 35,
        "assignee": "Gaetano Schiller",
        "short_name": "ALTR",
        "title": "Excepturi veritatis dolor dolores.",
        "description": "Non est nihil in odio provident fuga tempore deleniti quae.",
        "priority": "critical",
        "status": "open",
        "date_created": "12\/Jun\/2016",
        "date_updated": "4\/Jun\/2016"
    },
    {
        "item_id": 36,
        "assignee": "Shakira Turcotte",
        "short_name": "ALTR",
        "title": "Animi nobis aperiam eligendi.",
        "description": "Est explicabo veniam quis ratione fugit eius iusto quae asperiores aut.",
        "priority": "critical",
        "status": "open",
        "date_created": "30\/Jun\/2016",
        "date_updated": "2\/Jun\/2016"
    },
    {
        "item_id": 37,
        "assignee": "Nova Medhurst",
        "short_name": "ALTR",
        "title": "Autem ut consequatur ab nihil tenetur.",
        "description": "Doloribus ratione tempora eum pariatur exercitationem modi quibusdam repellendus ut autem et.",
        "priority": "blocker",
        "status": "open",
        "date_created": "18\/Jun\/2016",
        "date_updated": "4\/Jun\/2016"
    },
    {
        "item_id": 38,
        "assignee": "Malcolm Carter",
        "short_name": "ALTR",
        "title": "Porro assumenda esse veniam commodi.",
        "description": "Quo minus nesciunt incidunt quasi aliquam.",
        "priority": "blocker",
        "status": "closed",
        "date_created": "30\/Jun\/2016",
        "date_updated": "3\/Jun\/2016"
    },
    {
        "item_id": 39,
        "assignee": "Ladarius Moen",
        "short_name": "ALTR",
        "title": "Numquam consequatur quis non.",
        "description": "Fuga eveniet amet ipsa ipsam voluptatem enim sit molestiae.",
        "priority": "minor",
        "status": "open",
        "date_created": "18\/Jun\/2016",
        "date_updated": "12\/Jun\/2016"
    },
    {
        "item_id": 40,
        "assignee": "Coleman King",
        "short_name": "ALTR",
        "title": "Vitae est tempore ea aut ipsa.",
        "description": "Nihil ratione voluptatem autem et et doloribus id culpa.",
        "priority": "major",
        "status": "open",
        "date_created": "30\/Jun\/2016",
        "date_updated": "15\/Jun\/2016"
    },
    {
        "item_id": 41,
        "assignee": "Arjun Zieme",
        "short_name": "ALTR",
        "title": "Et suscipit incidunt autem similique laborum.",
        "description": "Voluptatem facere aut voluptatem alias similique iste consectetur.",
        "priority": "major",
        "status": "closed",
        "date_created": "18\/Jun\/2016",
        "date_updated": "2\/Jun\/2016"
    },
    {
        "item_id": 42,
        "assignee": "Marcella Abbott",
        "short_name": "ALTR",
        "title": "Ut similique esse quam.",
        "description": "Possimus at veniam eius est quas.",
        "priority": "critical",
        "status": "open",
        "date_created": "29\/Jun\/2016",
        "date_updated": "20\/Jun\/2016"
    },
    {
        "item_id": 43,
        "assignee": "Tiana Donnelly",
        "short_name": "ALTR",
        "title": "Qui in et tenetur.",
        "description": "Nostrum corporis dolorum et sunt officiis aliquid rerum cum est corporis.",
        "priority": "blocker",
        "status": "closed",
        "date_created": "8\/Jun\/2016",
        "date_updated": "5\/Jun\/2016"
    },
    {
        "item_id": 44,
        "assignee": "Koby Oberbrunner",
        "short_name": "ALTR",
        "title": "Qui numquam nulla unde doloremque vel.",
        "description": "Quam est sint eaque adipisci voluptate voluptas.",
        "priority": "critical",
        "status": "open",
        "date_created": "10\/Jun\/2016",
        "date_updated": "9\/Jun\/2016"
    },
    {
        "item_id": 45,
        "assignee": "Kraig Feil",
        "short_name": "ALTR",
        "title": "Esse repellat temporibus autem itaque blanditiis.",
        "description": "Omnis voluptatibus adipisci sed atque et unde sint.",
        "priority": "critical",
        "status": "open",
        "date_created": "7\/Jun\/2016",
        "date_updated": "27\/Jun\/2016"
    },
    {
        "item_id": 46,
        "assignee": "Abigayle Hodkiewicz",
        "short_name": "ALTR",
        "title": "Ut et provident provident natus.",
        "description": "Ut atque mollitia consectetur ducimus incidunt recusandae ea cum.",
        "priority": "minor",
        "status": "reopened",
        "date_created": "6\/Jun\/2016",
        "date_updated": "11\/Jun\/2016"
    },
    {
        "item_id": 47,
        "assignee": "Shania Johnston",
        "short_name": "ALTR",
        "title": "Ea eaque qui.",
        "description": "Cupiditate eius quidem rerum enim qui consequatur exercitationem corporis et.",
        "priority": "critical",
        "status": "closed",
        "date_created": "28\/Jun\/2016",
        "date_updated": "22\/Jun\/2016"
    },
    {
        "item_id": 48,
        "assignee": "Mara Howell",
        "short_name": "ALTR",
        "title": "Voluptatem aut odit impedit eveniet.",
        "description": "Qui nam sunt tenetur qui aut.",
        "priority": "blocker",
        "status": "closed",
        "date_created": "6\/Jun\/2016",
        "date_updated": "20\/Jun\/2016"
    }
]
