
[
    {
        "id": 1,
        "sender_avatar": "",
        "sender": "Elyse Swift",
        "email": "lelah.keeling@romaguera.org",
        "title": "Eaque ab fuga corrupti ut enim tempora dolorem.",
        "content": "Quod rerum et dolores neque animi et magni ex hic rerum qui omnis minima aliquam iusto deleniti consectetur fuga et nihil voluptatem magni qui corrupti animi dolores facilis nulla voluptatem dolore aut doloremque adipisci sunt aut ut deleniti dolores sunt quaerat dolorum facere autem deserunt possimus dolorum consequatur est quidem sint velit nihil aut et voluptates maxime labore recusandae ullam veniam vero eos harum ipsam eos necessitatibus quia esse soluta in nisi sapiente occaecati cumque quam ut hic assumenda error repudiandae et repellat praesentium autem ipsam et consectetur illum rerum perferendis mollitia nihil possimus dignissimos ut aut vel facilis illum voluptatum magni aliquam quia dolores sequi sapiente totam in tempore harum veniam enim vero odit.",
        "date": "12.08.2016",
        "sender_color": "cyan",
        "verified": true
    },
    {
        "id": 2,
        "sender_avatar": "",
        "sender": "Claudia Deckow",
        "email": "pasquale57@hotmail.com",
        "title": "Similique quos ea architecto repellendus dolorum unde quis.",
        "content": "Magnam animi exercitationem repellendus facere minima maxime voluptatem iusto doloribus enim perspiciatis non ducimus fuga quas dolor odio voluptate facere ipsum incidunt earum a necessitatibus in iusto repudiandae ad sed sed dolorem dolor quod quos doloribus sint minima ut reprehenderit consectetur qui voluptatem odio dicta aut rem sunt rem nostrum molestias voluptatem ducimus expedita reprehenderit doloremque animi consequatur eum iste nihil natus natus asperiores commodi neque minus accusantium illum sit quo ab modi incidunt in omnis iusto iusto laboriosam mollitia et consequatur maiores qui error blanditiis aut ut dolorem quis nulla et nulla dolore.",
        "date": "12.08.2016",
        "sender_color": "green",
        "verified": true
    },
    {
        "id": 3,
        "sender_avatar": "assets\/img\/avatars\/avatar_05_tn.png",
        "sender": "Alanna Wisozk",
        "email": "anabelle74@gmail.com",
        "title": "Autem provident quia ad suscipit rerum error quibusdam dignissimos et est provident totam non ex.",
        "content": "Quisquam et doloribus necessitatibus maxime saepe saepe aut quisquam ut velit et alias omnis excepturi nostrum culpa consequatur consequatur voluptas vitae repellendus ut placeat impedit dolorem natus impedit eligendi sint a blanditiis voluptatum magnam facilis aspernatur aut fugit culpa corporis dolor deserunt et non veritatis vero fugiat cupiditate et ea et aut fugiat ratione accusamus qui temporibus a aspernatur voluptates minima magni sequi voluptate laudantium ad quis dolorum et deserunt ad quaerat qui neque saepe praesentium et ea necessitatibus placeat nesciunt nam voluptatibus voluptates illum aut ipsa voluptas eum nisi ratione ex ut dolore doloremque velit aut dignissimos pariatur dolor earum voluptatem sint debitis voluptate eos eligendi eum incidunt adipisci nihil possimus est in voluptas natus ut in unde aliquid quia placeat velit minima autem.",
        "date": "12.08.2016",
        "sender_color": "green",
        "verified": true
    },
    {
        "id": 4,
        "sender_avatar": "assets\/img\/avatars\/avatar_10_tn.png",
        "sender": "Noble Mitchell",
        "email": "feil.braden@yahoo.com",
        "title": "Perspiciatis et eum rerum sit.",
        "content": "Exercitationem ad est dolorum tenetur sint voluptatem sit labore velit ea inventore in dolore exercitationem eum consectetur maiores est consequatur corrupti sint corrupti eligendi harum id voluptatibus beatae veniam laborum enim vitae molestias qui fugit qui porro beatae ut sed ut labore nesciunt nostrum fuga iure iure est quo accusamus sit necessitatibus ut quia cupiditate dolorem delectus et adipisci dolorum nisi rerum est iure facere vitae ab deleniti natus aliquid aperiam minus eligendi aut rerum suscipit aperiam.",
        "date": "12.08.2016",
        "sender_color": "grey",
        "verified": false
    },
    {
        "id": 5,
        "sender_avatar": "assets\/img\/avatars\/avatar_02_tn.png",
        "sender": "Salvador Weimann",
        "email": "marques35@mante.com",
        "title": "Id sunt fugit sint non.",
        "content": "Fugiat quis commodi rerum vel quam quae mollitia est deleniti tenetur consequatur facilis aut consectetur rerum et consectetur nihil quasi perspiciatis aut repudiandae quasi accusantium sit repellat iusto est iure suscipit sint voluptatum repellat consequuntur iure autem nemo quos sint dolorem repellat id nostrum rerum ut ex dolor exercitationem quidem voluptas est dolorem quis sint error natus eius est voluptate deserunt in id deleniti vero sunt eligendi nobis consectetur dolor accusamus ab dolores ipsum voluptates nostrum culpa tenetur autem eos nam est ut sed ea dolor libero.",
        "date": "12.07.2016",
        "sender_color": "cyan",
        "verified": true
    },
    {
        "id": 6,
        "sender_avatar": "assets\/img\/avatars\/avatar_01_tn.png",
        "sender": "Raquel Aufderhar",
        "email": "wzulauf@gmail.com",
        "title": "Dolores officia perferendis fuga eos ad et eos est sit ut.",
        "content": "Et voluptate ea quo sunt corrupti quia et fuga ex facere quae expedita reprehenderit sapiente eos sequi consequuntur occaecati sed consequatur eaque non id aliquam beatae odio iusto ipsa odit explicabo nemo provident enim consequatur eum qui sequi nobis magnam saepe ex deserunt sit rerum est alias est hic autem in molestias excepturi et vero unde aut corrupti rerum esse quas itaque doloremque neque nihil ipsum consequuntur tempora minima ea facere aut recusandae necessitatibus.",
        "date": "12.07.2016",
        "sender_color": "green",
        "verified": true
    },
    {
        "id": 7,
        "sender_avatar": "assets\/img\/avatars\/avatar_09_tn.png",
        "sender": "Molly Kling",
        "email": "berta.rolfson@wisozk.biz",
        "title": "Et necessitatibus repudiandae culpa autem minima nostrum voluptatem est eligendi sit odit atque perferendis alias.",
        "content": "Nobis et commodi cumque nesciunt fugiat itaque esse quibusdam voluptatem et ipsum rerum quaerat aut praesentium voluptatem provident nisi nostrum provident ducimus ex rerum in aperiam praesentium vitae velit tempore fugit accusamus nihil voluptatum inventore quisquam sint hic ratione recusandae nesciunt odit veniam voluptas non minus eum quia harum aperiam ducimus eos aut pariatur est veniam qui omnis dignissimos ducimus animi voluptas in recusandae laudantium in et nemo dolore quas possimus et sit qui quae a facere consectetur qui impedit totam quo et perferendis sunt repudiandae aspernatur vero laudantium quibusdam nisi consequuntur omnis corrupti aut illum quibusdam ipsum quas veniam consequatur inventore rerum quaerat ut ducimus provident occaecati labore id.",
        "date": "12.07.2016",
        "sender_color": "green",
        "verified": true
    },
    {
        "id": 8,
        "sender_avatar": "assets\/img\/avatars\/avatar_09_tn.png",
        "sender": "Tara Gleichner",
        "email": "wolff.eliza@hotmail.com",
        "title": "Laudantium vel minus omnis voluptates consectetur nemo non recusandae magni consequuntur ullam et.",
        "content": "Quae assumenda odio eos et similique quasi inventore saepe ea voluptatem eligendi quam quia molestiae deserunt sapiente ut aliquid reiciendis repellat impedit et deserunt suscipit dolorem optio quo aliquam deserunt laboriosam qui non et dolorem sunt officiis veniam nobis qui ab ut recusandae dolor odio et et commodi dicta ea rem veritatis in non voluptatem illo aut non eos praesentium et expedita architecto et voluptate ad dolorum est.",
        "date": "12.07.2016",
        "sender_color": "cyan",
        "verified": false
    },
    {
        "id": 9,
        "sender_avatar": "assets\/img\/avatars\/avatar_03_tn.png",
        "sender": "Gunner Boyer",
        "email": "ellen.kozey@hotmail.com",
        "title": "Laudantium maxime quasi molestias natus est iste veritatis sed quis cum.",
        "content": "Voluptas eos amet perspiciatis delectus repellendus earum inventore voluptas magni eius ratione possimus occaecati dolorem non sit possimus ad ut culpa repellat repellat aut eos eum qui minus et sunt aliquid nobis velit fuga magnam autem id harum numquam et dolor ex est nisi autem tenetur vitae et consequuntur dolores natus odit tempora non earum voluptatem doloribus nam ducimus qui accusantium distinctio repellendus est et quos amet quibusdam sunt doloribus nisi ratione fuga dolores id repellendus possimus ab sed mollitia temporibus reprehenderit doloribus recusandae similique ut voluptas non quia sit iusto aut aliquid soluta quisquam numquam blanditiis commodi dolorum sed tenetur ipsam ullam ut sunt molestiae et id non at eligendi et quam maxime doloremque dolor molestiae repellendus iure veritatis optio amet rerum autem qui facilis provident est impedit debitis est accusamus qui temporibus minima ratione consectetur ducimus itaque sint nihil quis numquam voluptatem quae sapiente corporis adipisci est dolorum facere perferendis quia ex nobis eveniet sit officiis similique dolor enim totam officia a sit aspernatur aut voluptatibus et.",
        "date": "12.07.2016",
        "sender_color": "grey",
        "verified": true
    },
    {
        "id": 10,
        "sender_avatar": "",
        "sender": "Eva Harber",
        "email": "hschultz@gmail.com",
        "title": "Ipsa qui amet aut laborum sapiente ut nisi omnis facilis sit sint sint necessitatibus rerum.",
        "content": "Et dolor eos in dolores accusamus corrupti ut exercitationem eaque nihil minima vero repellat assumenda quam voluptatibus a voluptates itaque ipsam odio ipsum molestiae magnam consequuntur harum porro asperiores eveniet sit nihil vel blanditiis ut velit et perferendis et eum esse dolorem ea odit consequatur qui ullam exercitationem ut consequatur voluptatem enim corporis maxime quaerat corporis ipsa autem non aspernatur earum culpa perferendis est vel rerum excepturi et amet ipsam laudantium magni in ea ut consequatur atque unde animi minus non et aut.",
        "date": "12.07.2016",
        "sender_color": "green",
        "verified": true
    },
    {
        "id": 11,
        "sender_avatar": "assets\/img\/avatars\/avatar_07_tn.png",
        "sender": "Sammie Conn",
        "email": "alene.aufderhar@gmail.com",
        "title": "Animi exercitationem sunt dignissimos nesciunt quisquam necessitatibus dolores voluptas voluptatum.",
        "content": "Est dolor aperiam recusandae voluptatibus laborum aut vel dolorum sint qui rerum in doloribus et at hic perferendis asperiores fuga facere rerum ea et magni sint debitis et ab quia voluptate dicta magni natus qui animi nostrum alias similique saepe culpa natus earum id quod perferendis inventore quo voluptatem eum eum deleniti ut molestiae incidunt id repellat itaque architecto temporibus exercitationem eveniet in porro iusto non reiciendis quis quia quas est autem aut quia ipsa voluptatem eius qui id vero quae natus laudantium rerum ratione sed iure veniam provident eos laborum voluptatem voluptatem consequatur id magni ut et ullam praesentium voluptatem et laudantium ipsa voluptas itaque suscipit commodi accusantium harum harum quam ex odio quibusdam numquam a harum sunt occaecati doloribus exercitationem animi deleniti sit.",
        "date": "12.07.2016",
        "sender_color": "green",
        "verified": false
    },
    {
        "id": 12,
        "sender_avatar": "assets\/img\/avatars\/avatar_06_tn.png",
        "sender": "Ansley Romaguera",
        "email": "sbruen@ortiz.net",
        "title": "Expedita suscipit occaecati sed sint non inventore quidem dicta necessitatibus accusantium modi.",
        "content": "Corrupti et et est ratione repellendus iste sint rerum iusto quaerat quaerat consequatur delectus ab est vitae delectus quia voluptatem illum rerum et eius dolores voluptas laboriosam eos quaerat ut recusandae illo nihil ratione consequatur natus aut adipisci cumque assumenda autem vero alias aut exercitationem ullam eaque commodi similique culpa et maiores aut rerum tenetur et possimus repudiandae laudantium sapiente nisi mollitia quod explicabo nisi aperiam saepe vero ut incidunt totam aliquid eligendi qui.",
        "date": "12.07.2016",
        "sender_color": "green",
        "verified": true
    },
    {
        "id": 13,
        "sender_avatar": "assets\/img\/avatars\/avatar_12_tn.png",
        "sender": "Vita Quitzon",
        "email": "freda.dach@hotmail.com",
        "title": "Quis omnis et nostrum voluptatem commodi.",
        "content": "Et molestiae mollitia atque animi vitae autem dolorem delectus explicabo in est totam quaerat rem dolor sed est quis ut mollitia repudiandae veritatis est maiores earum sint et autem magnam eius consectetur eius neque officiis fuga eligendi odio praesentium voluptatibus adipisci et nemo reprehenderit maxime quos aliquid modi qui quas qui illo sint amet nesciunt odit velit optio optio error accusamus qui blanditiis saepe aliquam quae est aperiam harum minima et sint enim numquam repudiandae incidunt neque ad architecto aut et quia sit maxime.",
        "date": "12.07.2016",
        "sender_color": "green",
        "verified": false
    },
    {
        "id": 14,
        "sender_avatar": "",
        "sender": "Catherine Beier",
        "email": "junior54@gmail.com",
        "title": "Deleniti sunt perspiciatis harum sed error quisquam eos laudantium voluptatem nostrum possimus.",
        "content": "Esse doloribus beatae ratione perferendis architecto qui repellat ut aperiam repudiandae id porro molestias quia ipsam voluptates est vel unde fugit quidem facilis praesentium aut culpa labore et officia ullam est quaerat tempore aperiam id quia inventore et reiciendis animi voluptates quidem omnis recusandae omnis soluta sed quod eos pariatur fuga aut repellat esse fugit non beatae et odit perspiciatis iste cumque et et nesciunt est at voluptatum magnam facilis tenetur dolore consectetur aut repellendus necessitatibus.",
        "date": "11.06.2016",
        "sender_color": "grey",
        "verified": true
    },
    {
        "id": 15,
        "sender_avatar": "assets\/img\/avatars\/avatar_08_tn.png",
        "sender": "Bertram Armstrong",
        "email": "virginie.littel@yahoo.com",
        "title": "Rerum ut quia vel dignissimos ducimus quia voluptates.",
        "content": "Deleniti illum aut aspernatur excepturi quas eveniet aut pariatur esse vero ducimus inventore laborum mollitia aut tempora id dolor magnam voluptatem temporibus voluptatibus ab nemo omnis illo et repellendus nobis voluptatem natus nesciunt eum eius corporis et reprehenderit velit et vitae molestias dicta a et qui iusto amet sint aperiam qui ut adipisci impedit ea est molestias consequatur in qui vel eum et dolores et incidunt excepturi aperiam culpa veniam nihil perspiciatis repellat dolor voluptatem harum sit repellat eum rerum maxime quia omnis doloremque consectetur magnam esse officia incidunt repudiandae deserunt in cum qui sequi ipsum nulla expedita dignissimos explicabo numquam autem eveniet consequatur impedit sit officia omnis aspernatur nemo qui neque sit non illum rem soluta quae ea corporis sed fugit quisquam.",
        "date": "11.08.2016",
        "sender_color": "green",
        "verified": false
    },
    {
        "id": 16,
        "sender_avatar": "assets\/img\/avatars\/avatar_03_tn.png",
        "sender": "Meta Bins",
        "email": "ygleason@schummwest.com",
        "title": "Repudiandae qui amet quisquam doloremque ut mollitia deserunt placeat dolore nihil aut ut et esse.",
        "content": "Commodi dolores voluptatem laborum inventore qui repellat quod quas eligendi libero officia neque aliquid enim debitis quas maxime maxime sed ducimus excepturi repellat atque odit architecto impedit dolorem reprehenderit dicta ut et velit totam quis quae cum voluptate nostrum eum ipsa error ut dolor aut quis quis doloremque sit molestiae facere molestias perferendis a consectetur dolorem aut quasi molestias molestiae voluptas voluptatibus et at nihil excepturi ducimus eligendi qui totam qui aut tenetur quia similique id consequatur ut dignissimos reiciendis id rerum unde modi ut in quia est laborum ipsa ex harum explicabo laboriosam id consequatur est ullam sunt consequatur et et sunt deleniti repellat veritatis excepturi velit nihil voluptate facilis blanditiis amet quae ab ipsam et eius natus cupiditate voluptas omnis consequatur voluptatem maxime unde nisi voluptates voluptas recusandae iusto sed cum aliquid exercitationem vitae sint ut quia dolor soluta ipsa voluptatibus velit fugit veritatis.",
        "date": "11.12.2016",
        "sender_color": "grey",
        "verified": false
    },
    {
        "id": 17,
        "sender_avatar": "assets\/img\/avatars\/avatar_01_tn.png",
        "sender": "Candace Zulauf",
        "email": "roberto.prohaska@yahoo.com",
        "title": "Dolorum molestias sed iste incidunt.",
        "content": "Adipisci ut dicta voluptatem est laudantium id dolor aliquid et et quis laudantium sint cumque corrupti qui voluptatem possimus pariatur veniam nisi et aspernatur sed alias quidem debitis velit nisi minus dolorum vel aliquam neque quaerat iusto et quo voluptatem labore sunt quos consequatur molestias quibusdam ratione quam ut ea maiores tempora tempore aperiam eos iusto repellat sit fuga velit aliquid totam dolorem dolores praesentium exercitationem ipsum ut et eaque modi non ut natus fuga.",
        "date": "11.30.2016",
        "sender_color": "cyan",
        "verified": false
    },
    {
        "id": 18,
        "sender_avatar": "assets\/img\/avatars\/avatar_10_tn.png",
        "sender": "Jeffery Runte",
        "email": "frami.joanie@franeckidaniel.org",
        "title": "Vero iusto aut odio quia qui nisi odio repudiandae quia soluta eveniet sit illo fuga.",
        "content": "Laborum et dolorem culpa quasi nisi quisquam nisi nesciunt eos id voluptatibus sint aspernatur repudiandae nobis quis totam similique a quia amet est quaerat laboriosam numquam tempore veritatis qui tenetur ipsam aut similique possimus quo iusto ea ea aliquam et dolores quia exercitationem rerum dolor distinctio reiciendis et repudiandae.",
        "date": "11.28.2016",
        "sender_color": "cyan",
        "verified": false
    },
    {
        "id": 19,
        "sender_avatar": "assets\/img\/avatars\/avatar_03_tn.png",
        "sender": "Luella Stanton",
        "email": "dane69@gmail.com",
        "title": "Aut id ut dicta dolorem quos quia ad dignissimos ut fugit maiores qui ratione laborum.",
        "content": "Enim beatae recusandae et laborum et voluptate rerum accusantium sapiente tempore a et voluptatibus vel modi alias ullam rerum esse soluta commodi architecto eos mollitia veritatis nisi sequi velit est veritatis tempora ipsa et praesentium perferendis exercitationem dolor voluptas vero labore voluptatum deleniti aperiam eligendi dolorem illum enim ut aut incidunt perferendis aliquid consequuntur molestiae cumque eligendi quia id et sed est nostrum voluptatem quo tempora occaecati qui ut ipsa ut et nobis ullam deleniti minus voluptas quidem vero atque quia adipisci voluptate et nihil dolor ea rem aut ut dolorem repudiandae a possimus aliquam nisi ducimus tempore quas quia rerum aut nobis earum quisquam rem quis non animi aliquid porro iusto nostrum cumque nemo corrupti dolorem dolores eligendi illum alias sapiente quia ut est veniam cum rem nostrum veritatis similique cupiditate pariatur sunt a dicta architecto qui quod sint aliquam corrupti non eos dolores qui occaecati inventore nisi suscipit occaecati optio officia consequatur optio facere distinctio et.",
        "date": "10.28.2016",
        "sender_color": "green",
        "verified": true
    },
    {
        "id": 20,
        "sender_avatar": "",
        "sender": "Casper Moore",
        "email": "clementina.mante@robertsschuster.com",
        "title": "Optio voluptas autem perspiciatis et voluptas.",
        "content": "Vero deserunt nostrum quia qui voluptas dicta est laudantium repellat dicta qui accusamus nisi quia id numquam sunt doloremque voluptatem molestias hic aut harum quia optio sit voluptatem sed et reprehenderit voluptatibus perferendis qui et maiores numquam neque quaerat quam architecto incidunt ea eum quae sapiente tenetur et ut dicta recusandae quia id voluptatum hic laboriosam delectus.",
        "date": "11.11.2016",
        "sender_color": "cyan",
        "verified": false
    },
    {
        "id": 21,
        "sender_avatar": "",
        "sender": "Lilyan Konopelski",
        "email": "kemmer.viva@yahoo.com",
        "title": "Beatae veritatis impedit rerum minima nesciunt quasi dolor sunt dolorem.",
        "content": "Possimus architecto molestiae similique repellat suscipit qui est recusandae et est dolor perspiciatis enim et maxime est non voluptas quia possimus voluptas quaerat unde aut odit architecto est sint explicabo est quam consequatur dolor qui omnis ratione maxime qui ea eligendi hic dolor dolores vitae rerum eos sed ut aut necessitatibus nam qui sequi eum qui sit vel eum ad rerum iure porro quas est recusandae repudiandae consequuntur voluptate praesentium culpa sunt sunt ut illo iusto voluptas earum placeat fugiat quia tenetur quae illo et ut voluptate et consequatur maxime sit recusandae accusantium doloribus voluptatum eos aut vel tempora facere quos asperiores perferendis dolor velit qui excepturi et corrupti et veniam architecto quia et consequuntur molestiae fugiat reiciendis aliquid adipisci maiores eius hic quisquam dolorum fugiat aut autem autem vero et possimus quisquam qui ut recusandae repudiandae eius dicta omnis est sunt qui eius.",
        "date": "11.26.2016",
        "sender_color": "green",
        "verified": false
    },
    {
        "id": 22,
        "sender_avatar": "",
        "sender": "Frieda Hagenes",
        "email": "louvenia.kunde@medhurst.net",
        "title": "Rerum consequuntur esse enim vel eaque non deleniti ratione voluptatem et exercitationem.",
        "content": "Repudiandae minus maiores impedit nulla officia sed fugiat id exercitationem est cumque aliquam quo dolor aspernatur praesentium et adipisci aut molestias sed corporis error ducimus esse nulla sed pariatur omnis quaerat vero est impedit eum quidem enim id nesciunt soluta amet aut sit est molestias nihil minus dolore ad deserunt quidem iure iste sit et nobis occaecati enim rerum dolores unde reprehenderit eum cum earum eum sunt et sunt officiis labore et occaecati sint eum qui.",
        "date": "11.02.2016",
        "sender_color": "grey",
        "verified": true
    },
    {
        "id": 23,
        "sender_avatar": "assets\/img\/avatars\/avatar_12_tn.png",
        "sender": "Myrtice O'Keefe",
        "email": "jamil15@fahey.org",
        "title": "Nemo dolore aperiam ipsa est iste facere quasi rerum quo excepturi dolores labore.",
        "content": "Autem totam mollitia cum dolorem et nihil sit velit quia est voluptas recusandae quidem dolores nihil delectus repellendus quos ea voluptatem quis non dicta id odit reiciendis veniam porro culpa dolorem tempore qui optio vel dolor voluptas voluptatem deserunt iusto quo nulla quia culpa sunt qui sint consequatur assumenda quis libero similique ut quasi consequuntur optio qui est molestias cum fuga deleniti consequuntur dolor quasi ipsum ut eligendi perferendis vero sint enim quo et ab voluptas voluptatibus sed nesciunt et et ut nostrum consequuntur praesentium atque voluptas natus iure nostrum odit quo qui nemo dolore sit nostrum totam aut eveniet blanditiis optio vel debitis mollitia ut et et quaerat tempore voluptas qui iste eligendi nihil enim nostrum necessitatibus praesentium provident eum debitis non perspiciatis quae odit iure consectetur maiores magnam consectetur molestiae tempora illum.",
        "date": "10.29.2016",
        "sender_color": "cyan",
        "verified": false
    },
    {
        "id": 24,
        "sender_avatar": "assets\/img\/avatars\/avatar_06_tn.png",
        "sender": "Wellington Quitzon",
        "email": "ryder66@yahoo.com",
        "title": "Nobis beatae nulla voluptas aut et quia excepturi quasi in molestias.",
        "content": "Ipsum ut qui minima mollitia et quis ut qui eligendi nihil et non commodi sit nam veniam et aut dolor earum provident illo impedit laudantium quam quo consectetur numquam repellendus consectetur perspiciatis deserunt vero corrupti ullam dolores totam asperiores eum neque possimus corporis repellat eveniet in.",
        "date": "11.18.2016",
        "sender_color": "grey",
        "verified": false
    },
    {
        "id": 25,
        "sender_avatar": "assets\/img\/avatars\/avatar_03_tn.png",
        "sender": "Loren Stracke",
        "email": "hubert79@gmail.com",
        "title": "Est distinctio dolores nihil esse commodi ratione.",
        "content": "Omnis quidem corrupti consectetur quisquam consequatur et id nisi dolor recusandae ut ad enim sunt aut beatae expedita et id accusantium quas eaque et aliquid accusamus saepe autem harum necessitatibus est quas eos vitae praesentium modi sit omnis est ut facilis assumenda soluta voluptatem similique expedita labore reiciendis sapiente quam esse qui nostrum provident itaque ut fuga tempore mollitia harum sunt quia accusamus quaerat aspernatur aut harum sequi sed voluptatibus consequatur ducimus et saepe aspernatur minus fugit doloremque mollitia repellendus.",
        "date": "11.15.2016",
        "sender_color": "grey",
        "verified": false
    },
    {
        "id": 26,
        "sender_avatar": "assets\/img\/avatars\/avatar_07_tn.png",
        "sender": "Winston Blick",
        "email": "hayes.estefania@cassin.com",
        "title": "Sequi tempora qui libero qui harum ab ad saepe eos.",
        "content": "Molestiae vitae amet rerum libero aut quia animi itaque officiis voluptas aperiam distinctio veritatis omnis temporibus quo similique ea voluptatem et suscipit dolores quo eius odit et voluptatum quos nostrum voluptas sed laboriosam et voluptas excepturi aut aut nihil ipsam voluptatem corporis qui quibusdam natus quos ut molestiae consequatur ullam aut veniam illum ut perferendis atque suscipit sint omnis et esse debitis molestias facilis aut fuga ex ut quibusdam.",
        "date": "11.24.2016",
        "sender_color": "green",
        "verified": true
    },
    {
        "id": 27,
        "sender_avatar": "",
        "sender": "Jimmie Ernser",
        "email": "jazlyn.bartell@bechtelar.com",
        "title": "Doloribus rerum sed nesciunt omnis debitis nam modi.",
        "content": "Dolor qui et quia omnis labore provident magnam qui ducimus debitis optio necessitatibus quia nostrum cupiditate provident dolor assumenda qui doloremque est eum aperiam molestias et illo ratione ut consequatur aliquid explicabo minima necessitatibus iste ut numquam in debitis facere aliquam molestiae suscipit aut ratione velit eius ipsam sit iusto quis sunt excepturi est omnis suscipit consequuntur suscipit repudiandae iure quod accusantium ut quo asperiores atque non esse esse nihil autem ea nisi repudiandae incidunt nemo et totam quas placeat aperiam commodi nihil omnis pariatur et recusandae molestiae aspernatur voluptatem eos itaque ea consequuntur quia ut ut voluptatem tempora amet corporis vel dolores repudiandae ullam ipsam enim assumenda qui maiores maiores voluptatem consequatur incidunt ipsam non explicabo consequuntur rem qui et non cupiditate quia.",
        "date": "10.24.2016",
        "sender_color": "grey",
        "verified": true
    },
    {
        "id": 28,
        "sender_avatar": "assets\/img\/avatars\/avatar_02_tn.png",
        "sender": "Mason Price",
        "email": "mose58@bode.net",
        "title": "Ipsa magnam dolores facere veritatis temporibus necessitatibus assumenda.",
        "content": "Quia eos quidem et qui delectus totam eum qui magnam provident quia quia placeat et animi sit temporibus sit optio autem voluptatem quas aut omnis aut iusto quasi similique ratione voluptates similique placeat nesciunt quam vel consequuntur eum dolores suscipit eius dolorem qui nulla repellendus commodi autem ut tempora tempora laboriosam accusantium facere dolor consectetur sequi quia dignissimos quaerat est autem repellat tempore ad cupiditate deleniti suscipit sit repellendus ea eaque ut ea voluptatem facere tempore et ab quos voluptatem sit earum natus illo neque eos repudiandae optio in temporibus iusto amet eveniet reprehenderit in sed dignissimos quod quis sit recusandae omnis eos aut aspernatur placeat eius deserunt distinctio fugit molestiae dolores aperiam qui explicabo expedita similique iste.",
        "date": "11.09.2016",
        "sender_color": "green",
        "verified": false
    },
    {
        "id": 29,
        "sender_avatar": "",
        "sender": "Gia Cummerata",
        "email": "margie53@gorczany.com",
        "title": "Sunt et corrupti facere exercitationem.",
        "content": "Dolorum commodi rerum commodi et ratione eius praesentium labore earum ducimus dolore id esse dolor eos sed et voluptatem excepturi laboriosam praesentium quo iusto voluptas aut porro assumenda pariatur doloribus quibusdam ut voluptas voluptatum consequatur ea a corrupti vel repellendus ipsam omnis omnis nihil enim quasi autem incidunt nemo id ut occaecati ut voluptas animi nemo aspernatur quidem pariatur distinctio qui iusto recusandae impedit laborum sed sequi autem quia dolorem autem maxime ratione labore dolores incidunt molestias repellendus ab voluptas asperiores minima laudantium laboriosam exercitationem debitis voluptates odio deserunt ut ea maiores eveniet et est ut commodi repellendus.",
        "date": "10.09.2016",
        "sender_color": "cyan",
        "verified": false
    },
    {
        "id": 30,
        "sender_avatar": "",
        "sender": "Magnolia Crona",
        "email": "simone14@yahoo.com",
        "title": "Nemo dolore et sit id corporis rerum.",
        "content": "Eaque eveniet dolorem rerum magni saepe iste aut occaecati architecto eum sit nisi unde atque fugit ipsum necessitatibus eligendi quae ipsam enim est eos culpa sed sunt at quasi ipsum dolores soluta veniam ea voluptatem perspiciatis placeat quisquam perferendis ullam illum odit itaque facilis accusantium architecto quo quis minus quia dolorem voluptatibus eaque earum sunt placeat voluptas nihil est eius et dolorem placeat veniam consequatur occaecati ea totam inventore aut officia soluta eligendi quo rerum quis voluptatum fugiat quidem optio non ratione accusamus.",
        "date": "11.01.2016",
        "sender_color": "cyan",
        "verified": false
    },
    {
        "id": 31,
        "sender_avatar": "assets\/img\/avatars\/avatar_06_tn.png",
        "sender": "Drew Funk",
        "email": "smitham.eden@gmail.com",
        "title": "Ut exercitationem omnis et ullam dolorem rerum accusantium consequuntur.",
        "content": "Nostrum nemo reiciendis dolor sed earum est molestiae voluptatum ad quia recusandae iste sint nam accusamus libero animi et veritatis vitae veniam asperiores nisi sed et aut voluptate qui vel nam dignissimos corrupti itaque et dolorem veritatis qui molestias cupiditate qui necessitatibus tenetur deleniti et nulla id porro est voluptates est magni pariatur numquam nam magni consectetur velit tenetur fuga laboriosam libero accusamus nulla eum in dolores sunt voluptatum et nam architecto ut maiores labore et minima quia sit quibusdam velit incidunt voluptas vitae.",
        "date": "11.20.2016",
        "sender_color": "green",
        "verified": true
    },
    {
        "id": 32,
        "sender_avatar": "assets\/img\/avatars\/avatar_10_tn.png",
        "sender": "Sadie Weissnat",
        "email": "antonette38@wiza.com",
        "title": "Commodi adipisci corrupti est consectetur ab provident saepe et.",
        "content": "Voluptas quibusdam possimus iste aut omnis amet laboriosam officia vel aperiam debitis vitae ut minus et quam nostrum eum quos dicta vero omnis voluptas ullam quia assumenda et fugit quo culpa laboriosam non cumque voluptatem non eaque reprehenderit facilis veniam qui.",
        "date": "10.29.2016",
        "sender_color": "green",
        "verified": true
    },
    {
        "id": 33,
        "sender_avatar": "assets\/img\/avatars\/avatar_06_tn.png",
        "sender": "Onie Langosh",
        "email": "travis57@crist.com",
        "title": "Provident sapiente exercitationem placeat eaque adipisci nisi magnam ea vitae reprehenderit vero aut necessitatibus rerum et sunt quia et velit.",
        "content": "Natus nulla itaque quidem vel possimus necessitatibus quae et blanditiis non ut vero vel repudiandae aut aut vero pariatur ipsam rerum inventore qui et voluptates sed officiis ad consequatur itaque quidem autem enim eum dignissimos inventore suscipit dolorum aliquid repudiandae dolorem aut repudiandae occaecati et libero perspiciatis consequatur dignissimos sequi recusandae vitae dolore fugit quia rem et dicta odit repellat voluptatum vitae molestiae recusandae cumque nisi aut harum et ex dolores sit officiis sapiente quo corporis omnis dolores dolores vel necessitatibus dolorum pariatur excepturi inventore nemo qui nemo corrupti quia ut sequi ut ullam et harum et dolorem animi nulla deserunt possimus eum vero culpa occaecati dicta ut natus placeat eaque qui fugit dolorem nemo ex nostrum ipsum doloribus dolores ipsum similique voluptas minus magni voluptatem quis.",
        "date": "10.19.2016",
        "sender_color": "grey",
        "verified": true
    },
    {
        "id": 34,
        "sender_avatar": "",
        "sender": "Mandy Crooks",
        "email": "hbeier@gmail.com",
        "title": "Error quisquam atque quia quaerat vel maxime.",
        "content": "Et nisi eum nobis magnam incidunt magni ut incidunt voluptate eos possimus ut consequuntur modi nulla officia mollitia enim asperiores illum vel repellendus quia molestiae soluta aliquam beatae iure eos cumque iusto incidunt neque sint aspernatur ipsam et harum distinctio voluptatum maxime dolores ea assumenda accusamus tempore reiciendis voluptatem doloribus sequi officia magnam debitis repellat totam numquam atque laudantium et dolore delectus et non enim nam quas laborum est dicta doloremque sit provident repudiandae laudantium quia.",
        "date": "11.04.2016",
        "sender_color": "grey",
        "verified": true
    },
    {
        "id": 35,
        "sender_avatar": "",
        "sender": "Renee Mante",
        "email": "efeil@hillsdooley.com",
        "title": "Iure odio temporibus quae placeat.",
        "content": "Nulla ducimus reprehenderit ea et recusandae est consequuntur dignissimos molestiae neque consequatur saepe nihil omnis repellendus occaecati eum blanditiis cum blanditiis ut velit voluptas veritatis omnis veniam consequatur et assumenda pariatur maxime maiores ut beatae ducimus dolorem eos tempora earum autem numquam impedit vel dolore et consequatur assumenda eligendi itaque suscipit repellat quis laudantium quos consectetur cum possimus ut maxime vitae et nostrum voluptates in corrupti molestias odit dolorem ducimus sed quos saepe numquam autem at sit et odio.",
        "date": "11.27.2016",
        "sender_color": "grey",
        "verified": false
    },
    {
        "id": 36,
        "sender_avatar": "",
        "sender": "Hans Hirthe",
        "email": "emile95@hotmail.com",
        "title": "Illum ut quos quia quis et officiis dolorem rem quia laudantium et quia voluptatem voluptatem unde.",
        "content": "Perspiciatis sunt id quia quas molestias esse error minus eaque ab voluptates et nemo quia rem laboriosam earum nihil ut magnam et adipisci et occaecati quam et minima numquam ipsa harum est necessitatibus dolores consequuntur aut distinctio provident nisi saepe adipisci et tenetur et qui repudiandae sed quia veniam dignissimos modi recusandae voluptatibus dicta rerum autem odio vero odio aut dolorem necessitatibus cupiditate quasi expedita animi earum ut illo explicabo natus doloribus quos blanditiis facilis minima optio sit facilis illum nemo repellendus sunt distinctio autem voluptate veniam perferendis.",
        "date": "10.14.2016",
        "sender_color": "cyan",
        "verified": false
    },
    {
        "id": 37,
        "sender_avatar": "",
        "sender": "Gennaro Kassulke",
        "email": "annette.haag@yahoo.com",
        "title": "Pariatur magni dolore sit ad harum est vel.",
        "content": "Omnis error et ut ab esse et aut possimus consequuntur neque omnis recusandae labore veritatis rem at soluta iure ipsa dolore consequatur commodi ad facilis dolor dolore suscipit incidunt tempora culpa maxime explicabo placeat quis praesentium iste magni qui omnis nemo dolorem quasi error ut non et saepe optio.",
        "date": "12.03.2016",
        "sender_color": "cyan",
        "verified": true
    },
    {
        "id": 38,
        "sender_avatar": "",
        "sender": "Alexie Christiansen",
        "email": "celine53@bauch.com",
        "title": "Autem eos tenetur quia quod fugit eius deserunt qui ut quia praesentium.",
        "content": "Labore beatae sint commodi nihil debitis officia doloribus et soluta dolore adipisci iste nam libero cum magnam quo repellat aspernatur non asperiores tempora ullam dolorem debitis dolore et consequuntur dicta id quasi officia provident blanditiis iste sit a consequatur nam eum quibusdam voluptatem nesciunt quos.",
        "date": "11.30.2016",
        "sender_color": "grey",
        "verified": false
    },
    {
        "id": 39,
        "sender_avatar": "",
        "sender": "Noemi Haley",
        "email": "eddie.bartell@yahoo.com",
        "title": "Sunt tenetur veniam delectus facilis expedita.",
        "content": "In ut eos inventore asperiores qui sed amet iure officiis eveniet mollitia accusantium velit labore velit et corrupti aut soluta porro nihil eaque perferendis vitae dolorum eligendi dicta sint autem beatae rerum repellendus rerum ad molestiae ut pariatur unde dicta omnis repellendus alias vel est sed repudiandae vel dicta necessitatibus enim minus pariatur corporis rem eum voluptatem culpa ex et exercitationem et repudiandae eos quas aut non eius cupiditate ipsam id debitis est nemo blanditiis qui sed officiis quod dolorem quisquam dolore voluptas ducimus quia nesciunt nobis dolores nihil occaecati dolorem error voluptatibus iure ipsa sit sed laboriosam sint rerum consequuntur corrupti et.",
        "date": "11.07.2016",
        "sender_color": "green",
        "verified": false
    },
    {
        "id": 40,
        "sender_avatar": "",
        "sender": "Afton Carroll",
        "email": "rherzog@hotmail.com",
        "title": "Veritatis repellat et reprehenderit qui sed voluptatem atque sit nisi.",
        "content": "Voluptas ut veniam commodi aliquam qui at accusantium et maxime error dolore iste similique illo itaque distinctio temporibus aliquam ullam rerum quisquam qui nam laborum facere nobis ut id fuga dolore hic fugiat voluptatem voluptas doloribus qui quo debitis et veritatis enim distinctio nulla aut laudantium non rerum reprehenderit illo quo sed quam perspiciatis et labore et sequi esse libero eius et autem voluptas blanditiis voluptatem odio nemo sunt occaecati et maiores consectetur est recusandae quos pariatur aliquid ex omnis reiciendis recusandae.",
        "date": "11.29.2016",
        "sender_color": "green",
        "verified": true
    },
    {
        "id": 41,
        "sender_avatar": "assets\/img\/avatars\/avatar_12_tn.png",
        "sender": "Jamil West",
        "email": "enrico64@tromp.com",
        "title": "Aut iusto eum aut qui molestiae ipsa maxime sit laborum nemo quia quo tempore eaque dignissimos.",
        "content": "Molestiae aut veniam rerum non asperiores eum ratione id ab eveniet aut sed voluptas sed voluptatem in aut delectus vel distinctio impedit odio sit nulla sed nobis pariatur quaerat possimus rem quia quae tempore consequatur sunt nihil dolorem beatae a quia doloribus voluptas exercitationem distinctio libero natus ab nam qui in ullam delectus architecto repellendus odit iure magnam in reprehenderit perferendis aut ipsam corporis hic et vitae a quisquam ipsum laboriosam debitis est quis quidem libero repellendus consequuntur suscipit velit ut omnis accusantium impedit quia officiis aperiam dolores eos quisquam delectus deleniti voluptas qui quasi in ipsa ut fuga animi ipsam occaecati aut sed aut quod est minima eaque ut consequuntur quam dicta deserunt reiciendis et in nulla aliquid nesciunt consequatur ut quod reprehenderit rerum.",
        "date": "11.17.2016",
        "sender_color": "grey",
        "verified": false
    },
    {
        "id": 42,
        "sender_avatar": "assets\/img\/avatars\/avatar_06_tn.png",
        "sender": "Garry Schmidt",
        "email": "welch.odie@hotmail.com",
        "title": "Consequatur libero aut nam laboriosam voluptates eum reprehenderit optio saepe non provident corporis eos ex fugiat expedita et expedita minima.",
        "content": "Ea vero vitae harum veniam quia aut enim suscipit sint sapiente quia voluptatibus aut repellat ut quis iusto hic nam rerum et ut qui optio magni accusantium nihil animi non ut ad et laudantium placeat labore voluptatem similique numquam dolorem maiores enim occaecati provident sed sit iure ullam consequatur neque et vitae quam quaerat omnis maxime autem alias autem in et officia accusantium aut atque.",
        "date": "11.28.2016",
        "sender_color": "grey",
        "verified": true
    },
    {
        "id": 43,
        "sender_avatar": "",
        "sender": "Hershel Bosco",
        "email": "othompson@hotmail.com",
        "title": "Mollitia et non quis omnis error saepe distinctio aut sunt harum quia perferendis illum voluptatem deserunt nihil cupiditate recusandae porro.",
        "content": "Ipsa possimus consequatur consectetur deleniti voluptatem quo unde fuga et est velit quisquam voluptate molestiae eveniet excepturi porro quaerat optio labore quae ipsam dolorem aut corporis consequatur blanditiis qui eligendi minima dignissimos ipsam et aut nulla ratione necessitatibus dolores dolores dolorem ipsa voluptatibus eligendi rem voluptatem perferendis corporis ipsum culpa sed tempora quibusdam voluptates quam ut repellat ipsum blanditiis blanditiis sed aut rerum est voluptas optio laboriosam commodi numquam quasi illo ratione sit tempora necessitatibus dolor nihil et ex consequatur.",
        "date": "10.30.2016",
        "sender_color": "cyan",
        "verified": false
    },
    {
        "id": 44,
        "sender_avatar": "assets\/img\/avatars\/avatar_07_tn.png",
        "sender": "Justen DuBuque",
        "email": "aubrey99@stark.com",
        "title": "Est dignissimos sed aliquam ea sed est sint optio voluptatum ea alias exercitationem corporis vel eaque repellendus odio non.",
        "content": "Quia occaecati nam at assumenda praesentium debitis quos dolorem ut et sed aut autem facere ullam veritatis et et qui voluptate laborum recusandae temporibus autem aperiam earum nobis magnam blanditiis animi molestiae expedita minus quis dolores quis qui consequatur in mollitia mollitia eveniet in mollitia dicta dolores voluptas possimus reiciendis non repudiandae assumenda in et laboriosam et rerum assumenda omnis iusto quas odio ex reiciendis vitae blanditiis ut quia officiis odio sapiente voluptatem cumque non dolor voluptatem ducimus.",
        "date": "12.05.2016",
        "sender_color": "grey",
        "verified": false
    },
    {
        "id": 45,
        "sender_avatar": "",
        "sender": "Ciara Barrows",
        "email": "ndicki@thielwunsch.com",
        "title": "Possimus odit vel hic mollitia dignissimos.",
        "content": "Quia praesentium porro iste aperiam illum nostrum voluptatibus enim totam quidem quia dolorem perferendis aut repellendus rerum vero recusandae ut culpa velit nam culpa natus sunt consequatur facere in aut.",
        "date": "12.02.2016",
        "sender_color": "green",
        "verified": false
    },
    {
        "id": 46,
        "sender_avatar": "",
        "sender": "Eugenia Jacobson",
        "email": "weston95@legrosjacobson.info",
        "title": "Et aut totam consequuntur dolores eos quibusdam maiores.",
        "content": "Illum alias eos molestiae illum et fugiat cupiditate dolores voluptatem earum nihil consequuntur velit et deleniti quia qui neque porro eum architecto est recusandae illum et quia ea nobis ab et ducimus earum id explicabo dignissimos sint optio possimus et harum minima sequi dolores voluptatem veritatis aperiam quidem a pariatur sunt nostrum omnis omnis aliquid delectus error aut optio rerum ad error consequatur inventore veniam accusamus quia quia reprehenderit corporis et.",
        "date": "10.18.2016",
        "sender_color": "cyan",
        "verified": false
    },
    {
        "id": 47,
        "sender_avatar": "assets\/img\/avatars\/avatar_03_tn.png",
        "sender": "Stanton Wilkinson",
        "email": "elroy.yost@kohlereffertz.com",
        "title": "Hic amet ut pariatur dolores dolorum eaque voluptas sequi quia ut velit cumque.",
        "content": "Ut nihil repellendus ut tempora enim reiciendis voluptas omnis hic numquam veritatis natus ducimus temporibus vitae illo porro sunt odit consequatur dolorem incidunt deserunt eius voluptatibus sed est qui eaque officiis et laboriosam earum qui et repudiandae error ab repellendus est nesciunt officiis laborum et incidunt sed cumque facilis magnam excepturi eum voluptatibus delectus molestias et ratione totam odit eius harum aut quia ea harum ducimus vero et quia reiciendis minima nihil vitae est non recusandae dolorem autem quidem natus magni sint alias dolor nobis consequatur qui et et omnis omnis corrupti doloribus iusto aperiam dolorum et occaecati facere illo vel soluta et mollitia dicta dolores nisi totam esse quasi aut quo provident earum ut totam cum harum atque distinctio velit consequatur quia quidem fugiat et odio voluptatem ipsa et vero sit inventore quasi voluptatum aut iste unde pariatur facilis hic qui rerum impedit quisquam aut aspernatur quo quisquam exercitationem qui et illo officia omnis quam distinctio in qui occaecati nulla commodi perferendis consectetur natus voluptas quia amet rerum.",
        "date": "12.05.2016",
        "sender_color": "grey",
        "verified": true
    },
    {
        "id": 48,
        "sender_avatar": "",
        "sender": "Sadie Kuhn",
        "email": "veda66@swiftsatterfield.org",
        "title": "Error sed et omnis molestiae placeat quasi ipsum porro consequatur.",
        "content": "Tempora sit quibusdam atque qui doloribus ea aliquid esse maiores consequuntur vitae enim assumenda impedit aperiam quisquam sit placeat velit sed quia quis ab ea vero fugiat est eum eos laudantium accusamus excepturi qui nihil sequi sapiente vero consequuntur molestias vero maxime esse eaque animi tenetur fuga et id rem dolorum explicabo culpa exercitationem.",
        "date": "10.15.2016",
        "sender_color": "green",
        "verified": true
    },
    {
        "id": 49,
        "sender_avatar": "",
        "sender": "Lily Frami",
        "email": "aylin.kuhlman@swift.com",
        "title": "Qui illo at delectus non cum magni fuga.",
        "content": "Recusandae et sunt aspernatur repellendus quod corporis ipsum sit quae amet in aliquam fugiat facere excepturi distinctio dolorem voluptas dolores quaerat et quae est aut quam culpa sint nesciunt esse in enim doloremque voluptate eos vel soluta facilis alias nesciunt natus sint adipisci nemo aut et perspiciatis quia quia culpa exercitationem odio quia tempora repellat et reprehenderit ut ea voluptate facere occaecati.",
        "date": "11.09.2016",
        "sender_color": "cyan",
        "verified": true
    },
    {
        "id": 50,
        "sender_avatar": "assets\/img\/avatars\/avatar_11_tn.png",
        "sender": "Alexzander Greenholt",
        "email": "lakin.shanie@streich.net",
        "title": "Asperiores adipisci qui blanditiis alias dolore vitae ipsam molestiae consectetur.",
        "content": "Ullam quia nostrum sit sint velit magnam occaecati quia officia est optio voluptatem excepturi cumque modi provident harum quasi nihil adipisci corporis omnis est ut rerum quo id quia et quo sequi.",
        "date": "11.23.2016",
        "sender_color": "cyan",
        "verified": true
    }
]