
[
    {
        "date": "2014-02-01", 
        "value": 15000000
    }, 
    {
        "date": "2014-02-02", 
        "value": 14603908
    }, 
    {
        "date": "2014-02-03", 
        "value": 16058813
    }, 
    {
        "date": "2014-02-04", 
        "value": 16751442
    }, 
    {
        "date": "2014-02-05", 
        "value": 18236063
    }, 
    {
        "date": "2014-02-06", 
        "value": 19276343
    }, 
    {
        "date": "2014-02-07", 
        "value": 17869996
    }, 
    {
        "date": "2014-02-08", 
        "value": 18283550
    }, 
    {
        "date": "2014-02-09", 
        "value": 18146798
    }, 
    {
        "date": "2014-02-10", 
        "value": 19114034
    }, 
    {
        "date": "2014-02-11", 
        "value": 18243994
    }, 
    {
        "date": "2014-02-12", 
        "value": 18230379
    }, 
    {
        "date": "2014-02-13", 
        "value": 17569438
    }, 
    {
        "date": "2014-02-14", 
        "value": 18237141
    }, 
    {
        "date": "2014-02-15", 
        "value": 18177790
    }, 
    {
        "date": "2014-02-16", 
        "value": 19278138
    }, 
    {
        "date": "2014-02-17", 
        "value": 19520468
    }, 
    {
        "date": "2014-02-18", 
        "value": 18074007
    }, 
    {
        "date": "2014-02-19", 
        "value": 17387983
    }, 
    {
        "date": "2014-02-20", 
        "value": 16303246
    }, 
    {
        "date": "2014-02-21", 
        "value": 16532377
    }, 
    {
        "date": "2014-02-22", 
        "value": 15992596
    }, 
    {
        "date": "2014-02-23", 
        "value": 14510598
    }, 
    {
        "date": "2014-02-24", 
        "value": 15242619
    }, 
    {
        "date": "2014-02-25", 
        "value": 15099566
    }, 
    {
        "date": "2014-02-26", 
        "value": 15786161
    }, 
    {
        "date": "2014-02-27", 
        "value": 17041993
    }, 
    {
        "date": "2014-02-28", 
        "value": 17792064
    }, 
    {
        "date": "2014-03-01", 
        "value": 17135803
    }, 
    {
        "date": "2014-03-02", 
        "value": 17902796
    }, 
    {
        "date": "2014-03-03", 
        "value": 18082480
    }, 
    {
        "date": "2014-03-04", 
        "value": 16599484
    }, 
    {
        "date": "2014-03-05", 
        "value": 15556006
    }, 
    {
        "date": "2014-03-06", 
        "value": 16095932
    }, 
    {
        "date": "2014-03-07", 
        "value": 15877165
    }, 
    {
        "date": "2014-03-08", 
        "value": 16184507
    }, 
    {
        "date": "2014-03-09", 
        "value": 17578551
    }, 
    {
        "date": "2014-03-10", 
        "value": 17397416
    }, 
    {
        "date": "2014-03-11", 
        "value": 18665547
    }, 
    {
        "date": "2014-03-12", 
        "value": 17599363
    }, 
    {
        "date": "2014-03-13", 
        "value": 16625060
    }, 
    {
        "date": "2014-03-14", 
        "value": 15823403
    }, 
    {
        "date": "2014-03-15", 
        "value": 17166280
    }, 
    {
        "date": "2014-03-16", 
        "value": 17214931
    }, 
    {
        "date": "2014-03-17", 
        "value": 18057950
    }, 
    {
        "date": "2014-03-18", 
        "value": 18467657
    }, 
    {
        "date": "2014-03-19", 
        "value": 18174411
    }, 
    {
        "date": "2014-03-20", 
        "value": 17726332
    }, 
    {
        "date": "2014-03-21", 
        "value": 18624889
    }, 
    {
        "date": "2014-03-22", 
        "value": 18442598
    }, 
    {
        "date": "2014-03-23", 
        "value": 17924421
    }, 
    {
        "date": "2014-03-24", 
        "value": 17943620
    }, 
    {
        "date": "2014-03-25", 
        "value": 17787115
    }, 
    {
        "date": "2014-03-26", 
        "value": 16707201
    }, 
    {
        "date": "2014-03-27", 
        "value": 17013779
    }, 
    {
        "date": "2014-03-28", 
        "value": 17468840
    }, 
    {
        "date": "2014-03-29", 
        "value": 16855965
    }, 
    {
        "date": "2014-03-30", 
        "value": 16198783
    }, 
    {
        "date": "2014-03-31", 
        "value": 17237410
    }, 
    {
        "date": "2014-04-01", 
        "value": 16157939
    }, 
    {
        "date": "2014-04-02", 
        "value": 15279153
    }, 
    {
        "date": "2014-04-03", 
        "value": 16007123
    }, 
    {
        "date": "2014-04-04", 
        "value": 15394272
    }, 
    {
        "date": "2014-04-05", 
        "value": 15753468
    }, 
    {
        "date": "2014-04-06", 
        "value": 14785435
    }, 
    {
        "date": "2014-04-07", 
        "value": 14894846
    }, 
    {
        "date": "2014-04-08", 
        "value": 16113018
    }, 
    {
        "date": "2014-04-09", 
        "value": 17083579
    }, 
    {
        "date": "2014-04-10", 
        "value": 17318911
    }, 
    {
        "date": "2014-04-11", 
        "value": 17301918
    }, 
    {
        "date": "2014-04-12", 
        "value": 16294357
    }, 
    {
        "date": "2014-04-13", 
        "value": 17006382
    }, 
    {
        "date": "2014-04-14", 
        "value": 16305037
    }, 
    {
        "date": "2014-04-15", 
        "value": 17173934
    }, 
    {
        "date": "2014-04-16", 
        "value": 16519521
    }, 
    {
        "date": "2014-04-17", 
        "value": 15741197
    }, 
    {
        "date": "2014-04-18", 
        "value": 15685527
    }, 
    {
        "date": "2014-04-19", 
        "value": 16593307
    }, 
    {
        "date": "2014-04-20", 
        "value": 15108037
    }, 
    {
        "date": "2014-04-21", 
        "value": 14280930
    }, 
    {
        "date": "2014-04-22", 
        "value": 15048575
    }, 
    {
        "date": "2014-04-23", 
        "value": 13925294
    }, 
    {
        "date": "2014-04-24", 
        "value": 13655381
    }, 
    {
        "date": "2014-04-25", 
        "value": 14083620
    }, 
    {
        "date": "2014-04-26", 
        "value": 14390459
    }, 
    {
        "date": "2014-04-27", 
        "value": 14253026
    }, 
    {
        "date": "2014-04-28", 
        "value": 15524371
    }, 
    {
        "date": "2014-04-29", 
        "value": 14810508
    }, 
    {
        "date": "2014-04-30", 
        "value": 14942971
    }, 
    {
        "date": "2014-05-01", 
        "value": 13849556
    }, 
    {
        "date": "2014-05-02", 
        "value": 14811628
    }, 
    {
        "date": "2014-05-03", 
        "value": 13489786
    }, 
    {
        "date": "2014-05-04", 
        "value": 13875740
    }, 
    {
        "date": "2014-05-05", 
        "value": 14581874
    }, 
    {
        "date": "2014-05-06", 
        "value": 15856637
    }, 
    {
        "date": "2014-05-07", 
        "value": 15377926
    }, 
    {
        "date": "2014-05-08", 
        "value": 14523507
    }, 
    {
        "date": "2014-05-09", 
        "value": 14629800
    }, 
    {
        "date": "2014-05-10", 
        "value": 14018497
    }, 
    {
        "date": "2014-05-11", 
        "value": 12917428
    }
]