
[
    {
        "id": 0,
        "name": "Altair-66",
        "title": "Et voluptatem ea vel.",
        "group": "inProgress",
        "description": "Aut unde id perferendis distinctio alias omnis iusto.",
        "status": "critical",
        "assignee": "Dangelo Purdy"
    },
    {
        "id": 1,
        "name": "Altair-132",
        "title": "Exercitationem placeat qui numquam.",
        "group": "inAnalysis",
        "description": "Sit voluptatum officia consequatur architecto quos explicabo.",
        "status": "minor",
        "assignee": "Brooks Dickens"
    },
    {
        "id": 2,
        "name": "Altair-45",
        "title": "Odit sit possimus.",
        "group": "todo",
        "description": "Laboriosam aut quasi ipsam harum ex animi.",
        "status": "blocker",
        "assignee": "Leone Bode"
    },
    {
        "id": 3,
        "name": "Altair-258",
        "title": "Qui aliquid dicta possimus.",
        "group": "todo",
        "description": "Nihil rerum ipsum et animi occaecati harum provident quia.",
        "status": "minor",
        "assignee": "Jana DuBuque"
    },
    {
        "id": 4,
        "name": "Altair-4",
        "title": "Deserunt excepturi quis repellendus quia.",
        "group": "inAnalysis",
        "description": "Minus earum et ipsa amet consequatur atque.",
        "status": "minor",
        "assignee": "Lia Runolfsdottir"
    },
    {
        "id": 5,
        "name": "Altair-102",
        "title": "In maiores sint veniam nesciunt.",
        "group": "inProgress",
        "description": "Eos enim et repudiandae quae et.",
        "status": "critical",
        "assignee": "Brando Wuckert"
    },
    {
        "id": 6,
        "name": "Altair-125",
        "title": "Quis debitis quae voluptas.",
        "group": "inAnalysis",
        "description": "Fugit sit velit quia perspiciatis vel.",
        "status": "minor",
        "assignee": "Jackie Miller"
    },
    {
        "id": 7,
        "name": "Altair-161",
        "title": "Voluptatum illo nihil nulla et.",
        "group": "inProgress",
        "description": "Vero est est id veniam tempora dolorem.",
        "status": "blocker",
        "assignee": "Keagan Conroy"
    },
    {
        "id": 8,
        "name": "Altair-243",
        "title": "Voluptatem commodi ea voluptatem rerum.",
        "group": "inProgress",
        "description": "Ea cupiditate ab sed corporis aliquid occaecati eveniet.",
        "status": "critical",
        "assignee": "Clemens Haag"
    },
    {
        "id": 9,
        "name": "Altair-29",
        "title": "Voluptatem quam quia in omnis.",
        "group": "todo",
        "description": "Error qui necessitatibus quasi saepe molestias molestias non error vel.",
        "status": "minor",
        "assignee": "Katrina Hilll"
    },
    {
        "id": 10,
        "name": "Altair-177",
        "title": "Voluptates et quod.",
        "group": "todo",
        "description": "Ut temporibus porro et laudantium ut sequi.",
        "status": "blocker",
        "assignee": "Alisha Schiller"
    },
    {
        "id": 11,
        "name": "Altair-94",
        "title": "Cum consectetur maiores pariatur ea.",
        "group": "inAnalysis",
        "description": "Rerum voluptates non aspernatur nostrum eaque quae quas.",
        "status": "minor",
        "assignee": "Leonora Aufderhar"
    },
    {
        "id": 12,
        "name": "Altair-32",
        "title": "Laborum omnis aut architecto ex eum.",
        "group": "inProgress",
        "description": "Ut autem asperiores et laudantium sed numquam fugit.",
        "status": "minor",
        "assignee": "Harmony Jerde"
    },
    {
        "id": 13,
        "name": "Altair-220",
        "title": "Veniam aut culpa aut recusandae quis.",
        "group": "inAnalysis",
        "description": "Ex aliquam porro assumenda et ut repudiandae omnis ea.",
        "status": "critical",
        "assignee": "Erich Stiedemann"
    },
    {
        "id": 14,
        "name": "Altair-187",
        "title": "Rerum repellat rem dolores.",
        "group": "inAnalysis",
        "description": "Repellat qui neque eveniet impedit quasi dolores sequi id.",
        "status": "minor",
        "assignee": "Elbert Skiles"
    },
    {
        "id": 15,
        "name": "Altair-192",
        "title": "Modi blanditiis voluptatem alias veritatis odit.",
        "group": "inAnalysis",
        "description": "Dolorum quis ex deleniti sunt deserunt placeat quia libero non.",
        "status": "blocker",
        "assignee": "Arthur Hayes"
    },
    {
        "id": 16,
        "name": "Altair-103",
        "title": "Minima dolor eos.",
        "group": "done",
        "description": "Nesciunt et accusamus ipsa facere atque hic dolorem aspernatur.",
        "status": "blocker",
        "assignee": "Opal Rowe"
    }
]